<?xml version="1.0" encoding="UTF-8"?>
<extension type="module" version="3.0" client="site" method="upgrade">
	<name>MOD_WEBHAUSRESPONSIVETABS</name>
	<author>Tristan Brookes</author>
	<creationDate>January 2015</creationDate>
	<copyright>Copyright (C) 2015 onwards - Tristan Brookes</copyright>
	<license>GNU General Public License version 2 or later</license>
	<authorEmail>hello@webhaus.co.uk</authorEmail>
	<authorURL>https://www.webhaus.co.uk</authorURL>
	<version>1.0.1</version>
	<description>MOD_WEBHAUSRESPONSIVETABS_DESC</description>

	<files>
		<filename>mod_webhausresponsivetabs.xml</filename>
		<filename module="mod_webhausresponsivetabs">mod_webhausresponsivetabs.php</filename>
		<filename>helper.php</filename>
		<filename>index.html</filename>
		<folder>tmpl</folder>
		<folder>assets</folder>
		<folder>language</folder>
	</files>

	<languages>
		<language tag="en-GB">language/en-GB/en-GB.mod_webhausresponsivetabs.ini</language>
		<language tag="en-GB">language/en-GB/en-GB.mod_webhausresponsivetabs.sys.ini</language>
	</languages>

	<config>
		<fields name="params">
			<fieldset name="basic">
				<field type="spacer" name="explanation" label="MOD_WEBHAUSRESPONSIVETABS_MEDIAQUERIES_EXPLANATION"/>
				<field name="first_break" type="text" default="192" label="MOD_WEBHAUSRESPONSIVETABS_FIRST_MEDIA_QUERY_LABEL" description="MOD_WEBHAUSRESPONSIVETABS_FIRST_MEDIA_QUERY_DESC"/>
				<field name="second_break" type="text" default="368" label="MOD_WEBHAUSRESPONSIVETABS_SECOND_MEDIA_QUERY_LABEL" description="MOD_WEBHAUSRESPONSIVETABS_SECOND_MEDIA_QUERY_DESC"/>
				<field name="third_break" type="text" default="432" label="MOD_WEBHAUSRESPONSIVETABS_THIRD_MEDIA_QUERY_LABEL" description="MOD_WEBHAUSRESPONSIVETABS_THIRD_MEDIA_QUERY_DESC"/>
				<field type="spacer" name="explanationie" label="MOD_WEBHAUSRESPONSIVETABS_IE_EXPLANATION"/>
				<field name="ie_fallback" type="radio" default="0" label="MOD_WEBHAUSRESPONSIVETABS_IE_LABEL" description="MOD_WEBHAUSRESPONSIVETABS_IE_DESC">
					<option value="0">JNO</option>
					<option value="1">JYES</option>
				</field>
			</fieldset>

			<fieldset name="tabcontent1" label="MOD_WEBHAUSRESPONSIVETABS_CONTENT_ONE">
				<field name="tab1" type="text" default="" label="MOD_WEBHAUSRESPONSIVETABS_TAB_ONE_LABEL" description="MOD_WEBHAUSRESPONSIVETABS_TAB_ONE_DESC" />
				<field name="content1" type="editor" default="" label="MOD_WEBHAUSRESPONSIVETABS_CONTENT_ONE_LABEL" description="MOD_WEBHAUSRESPONSIVETABS_CONTENT_ONE_DESC"  filter="safehtml" />
			</fieldset>

			<fieldset name="tabcontent2" label="MOD_WEBHAUSRESPONSIVETABS_CONTENT_TWO">
				<field name="tab2" type="text" default="" label="MOD_WEBHAUSRESPONSIVETABS_TAB_TWO_LABEL" description="MOD_WEBHAUSRESPONSIVETABS_TAB_TWO_DESC" />
				<field name="content2" type="editor" default="" label="MOD_WEBHAUSRESPONSIVETABS_CONTENT_TWO_LABEL" description="MOD_WEBHAUSRESPONSIVETABS_CONTENT_TWO_DESC"  filter="safehtml" />
			</fieldset>

			<fieldset name="tabcontent3" label="MOD_WEBHAUSRESPONSIVETABS_CONTENT_THREE">
				<field name="tab3" type="text" default="" label="MOD_WEBHAUSRESPONSIVETABS_TAB_THREE_LABEL" description="MOD_WEBHAUSRESPONSIVETABS_TAB_THREE_DESC" />
				<field name="content3" type="editor" default="" label="MOD_WEBHAUSRESPONSIVETABS_CONTENT_THREE_LABEL" description="MOD_WEBHAUSRESPONSIVETABS_CONTENT_THREE_DESC"  filter="safehtml" />
			</fieldset>

			<fieldset name="tabcontent4" label="MOD_WEBHAUSRESPONSIVETABS_CONTENT_FOUR">
				<field name="tab4" type="text" default="" label="MOD_WEBHAUSRESPONSIVETABS_TAB_FOUR_LABEL" description="MOD_WEBHAUSRESPONSIVETABS_TAB_FOUR_DESC" />
				<field name="content4" type="editor" default="" label="MOD_WEBHAUSRESPONSIVETABS_CONTENT_FOUR_LABEL" description="MOD_WEBHAUSRESPONSIVETABS_CONTENT_FOUR_DESC"  filter="safehtml" />
			</fieldset>

			<fieldset name="tabcontent5" label="MOD_WEBHAUSRESPONSIVETABS_CONTENT_FIVE">
				<field name="tab5" type="text" default="" label="MOD_WEBHAUSRESPONSIVETABS_TAB_FIVE_LABEL" description="MOD_WEBHAUSRESPONSIVETABS_TAB_FIVE_DESC" />
				<field name="content5" type="editor" default="" label="MOD_WEBHAUSRESPONSIVETABS_CONTENT_FIVE_LABEL" description="MOD_WEBHAUSRESPONSIVETABS_CONTENT_FIVE_DESC"  filter="safehtml" />
			</fieldset>

			<fieldset name="advanced">
				<field name="layout" type="modulelayout" label="JFIELD_ALT_LAYOUT_LABEL"
				description="JFIELD_ALT_MODULE_LAYOUT_DESC"/>
				<field name="moduleclass_sfx" type="text" label="COM_MODULES_FIELD_MODULECLASS_SFX_LABEL"
				description="COM_MODULES_FIELD_MODULECLASS_SFX_DESC"/>
				<field name="cache" type="list" default="1" label="COM_MODULES_FIELD_CACHING_LABEL"
				description="COM_MODULES_FIELD_CACHING_DESC">
					<option value="1">JGLOBAL_USE_GLOBAL</option>
					<option value="0">COM_MODULES_FIELD_VALUE_NOCACHING</option>
				</field>
				<field name="cache_time" type="text" default="900"
				label="COM_MODULES_FIELD_CACHE_TIME_LABEL"
				description="COM_MODULES_FIELD_CACHE_TIME_DESC"/>
				<field name="cachemode" type="hidden" default="itemid">
					<option value="itemid"></option>
				</field>
			</fieldset>
		</fields>
	</config>
</extension>
